nfl-preseason,1,2022-08-10
nfl-preseason,1,2022-08-11
nfl-preseason,1,2022-08-12
nfl-preseason,1,2022-08-13
nfl-preseason,1,2022-08-14
nfl-preseason,1,2022-08-15
nfl-preseason,1,2022-08-16
nfl-preseason,2,2022-08-17
nfl-preseason,2,2022-08-18
nfl-preseason,2,2022-08-19
nfl-preseason,2,2022-08-20
nfl-preseason,2,2022-08-21
nfl-preseason,2,2022-08-22
nfl-preseason,2,2022-08-23
nfl-preseason,3,2022-08-24
nfl-preseason,3,2022-08-25
nfl-preseason,3,2022-08-26
nfl-preseason,3,2022-08-27
nfl-preseason,3,2022-08-28
nfl-preseason,3,2022-08-29
nfl-preseason,3,2022-08-30
nfl,1,2022-09-08
nfl,1,2022-09-09
nfl,1,2022-09-10
nfl,1,2022-09-11
nfl,1,2022-09-12
nfl,1,2022-09-13
nfl,2,2022-09-14
nfl,2,2022-09-15
nfl,2,2022-09-16
nfl,2,2022-09-17
nfl,2,2022-09-18
nfl,2,2022-09-19
nfl,2,2022-09-20
nfl,3,2022-09-21
nfl,3,2022-09-22
nfl,3,2022-09-23
nfl,3,2022-09-24
nfl,3,2022-09-25
nfl,3,2022-09-26
nfl,3,2022-09-27
nfl,4,2022-09-28
nfl,4,2022-09-29
nfl,4,2022-09-30
nfl,4,2022-10-01
nfl,4,2022-10-02
nfl,4,2022-10-03
nfl,4,2022-10-04
nfl,5,2022-10-05
nfl,5,2022-10-06
nfl,5,2022-10-07
nfl,5,2022-10-08
nfl,5,2022-10-09
nfl,5,2022-10-10
nfl,5,2022-10-11
nfl,6,2022-10-12
nfl,6,2022-10-13
nfl,6,2022-10-14
nfl,6,2022-10-15
nfl,6,2022-10-16
nfl,6,2022-10-17
nfl,6,2022-10-18
nfl,7,2022-10-19
nfl,7,2022-10-20
nfl,7,2022-10-21
nfl,7,2022-10-22
nfl,7,2022-10-23
nfl,7,2022-10-24
nfl,7,2022-10-25
nfl,8,2022-10-26
nfl,8,2022-10-27
nfl,8,2022-10-28
nfl,8,2022-10-29
nfl,8,2022-10-30
nfl,8,2022-10-31
nfl,8,2022-11-01
nfl,9,2022-11-02
nfl,9,2022-11-03
nfl,9,2022-11-04
nfl,9,2022-11-05
nfl,9,2022-11-06
nfl,9,2022-11-07
nfl,9,2022-11-08
nfl,10,2022-11-09
nfl,10,2022-11-10
nfl,10,2022-11-11
nfl,10,2022-11-12
nfl,10,2022-11-13
nfl,10,2022-11-14
nfl,10,2022-11-15
nfl,11,2022-11-16
nfl,11,2022-11-17
nfl,11,2022-11-18
nfl,11,2022-11-19
nfl,11,2022-11-20
nfl,11,2022-11-21
nfl,11,2022-11-22
nfl,12,2022-11-23
nfl,12,2022-11-24
nfl,12,2022-11-25
nfl,12,2022-11-26
nfl,12,2022-11-27
nfl,12,2022-11-28
nfl,12,2022-11-29
nfl,13,2022-11-30
nfl,13,2022-12-01
nfl,13,2022-12-02
nfl,13,2022-12-03
nfl,13,2022-12-04
nfl,13,2022-12-05
nfl,13,2022-12-06
nfl,14,2022-12-07
nfl,14,2022-12-08
nfl,14,2022-12-09
nfl,14,2022-12-10
nfl,14,2022-12-11
nfl,14,2022-12-12
nfl,14,2022-12-13
nfl,15,2022-12-14
nfl,15,2022-12-15
nfl,15,2022-12-16
nfl,15,2022-12-17
nfl,15,2022-12-18
nfl,15,2022-12-19
nfl,15,2022-12-20
nfl,16,2022-12-21
nfl,16,2022-12-22
nfl,16,2022-12-23
nfl,16,2022-12-24
nfl,16,2022-12-25
nfl,16,2022-12-26
nfl,16,2022-12-27
nfl,17,2022-12-28
nfl,17,2022-12-29
nfl,17,2022-12-30
nfl,17,2022-12-31
nfl,17,2023-01-01
nfl,17,2023-01-02
nfl,17,2023-01-03
nfl,18,2023-01-04
nfl,18,2023-01-05
nfl,18,2023-01-06
nfl,18,2023-01-07
nfl,18,2023-01-08
nfl,18,2023-01-09
nfl,18,2023-01-10
nfl,18,2023-01-11